Response,Author
Yes.,GPT
Yes.,GPT
Yes.,GPT
Yes.,GPT
Yes.,GPT
Yes.,GPT
Yes.,GPT
Yes.,GPT
Yes.,GPT
Yes,GPT
Yes.,GPT
Yes.,GPT
Yes.,GPT
Yes.,GPT
No,GPT
Yes.,GPT
Yes.,GPT
Yes,GPT
No.,GPT
No.,GPT
Yes.,GPT
Yes.,GPT
Yes.,GPT
Yes.,GPT
Yes.,GPT
Yes.,GPT
Yes.,GPT
Yes,GPT
No.,GPT
Yes.,GPT
Yes,GPT
Yes.,GPT
Yes,GPT
Yes.,GPT
Yes.,GPT
Yes.,GPT
Yes.,GPT
Yes.,GPT
Yes.,GPT
Yes.,GPT
No.,GPT
Yes.,GPT
Yes,GPT
Yes,GPT
Yes.,GPT
Yes,GPT
Yes.,GPT
Yes.,GPT
Yes.,GPT
Yes.,GPT
Yes,GPT
Yes.,GPT
Yes.,GPT
Yes.,GPT
Yes.,GPT
Yes.,GPT
No,GPT
Yes,GPT
Yes,GPT
Yes,GPT
Yes.,GPT
No.,GPT
Yes,GPT
Yes.,GPT
Yes.,GPT
Yes.,GPT
Yes.,GPT
Yes.,GPT
Yes.,GPT
Yes.,GPT
Yes.,GPT
Yes,GPT
Yes.,GPT
"I'm sorry, but you haven't provided any abstract or criteria for me to determine whether it fits or not. If you provide more information, I would be happy to help you.",GPT
No.,GPT
Yes,GPT
Yes.,GPT
Yes.,GPT
Yes,GPT
Yes,GPT
No.,GPT
No,GPT
Yes.,GPT
No.,GPT
Yes.,GPT
No.,GPT
No.,GPT
Yes.,GPT
Yes.,GPT
Yes,GPT
Yes.,GPT
Yes.,GPT
Yes,GPT
Yes.,GPT
Yes.,GPT
Yes.,GPT
No.,GPT
Yes.,GPT
Yes.,GPT
Yes.,GPT
Yes.,GPT
Yes.,GPT
Yes.,GPT
Yes.,GPT
Yes.,GPT
Yes.,GPT
Yes.,GPT
Yes.,GPT
Yes,GPT
Yes.,GPT
Yes.,GPT
Yes.,GPT
Yes.,GPT
Yes,GPT
Yes.,GPT
Yes.,GPT
Yes.,GPT
Yes,GPT
Yes.,GPT
Yes,GPT
No.,GPT
Yes,GPT
Yes,GPT
Yes,GPT
Yes,GPT
Yes.,GPT
Yes.,GPT
Yes.,GPT
Yes.,GPT
Yes.,GPT
Yes.,GPT
Yes.,GPT
Yes.,GPT
Yes.,GPT
No,GPT
Yes.,GPT
Yes.,GPT
Yes.,GPT
No.,GPT
Yes.,GPT
No.,GPT
Yes.,GPT
Yes.,GPT
Yes.,GPT
No.,GPT
Yes.,GPT
Yes.,GPT
Yes.,GPT
Yes.,GPT
Yes,GPT
Yes,GPT
Yes.,GPT
Yes,GPT
Yes.,GPT
Yes,GPT
Yes.,GPT
Yes.,GPT
"I apologize, but since you have not provided any abstract or criteria previously mentioned, I am unable to answer your question. Could you please provide more context?",GPT
Yes.,GPT
No,GPT
Yes.,GPT
Yes.,GPT
Yes.,GPT
Yes.,GPT
Yes.,GPT
yes,GPT
Yes.,GPT
Yes.,GPT
Yes.,GPT
No.,GPT
Yes,GPT
Yes,GPT
